{
  "KCl": {
    "300.0": -4.2346450703,
    "400.0": -4.1335415861,
    "500.0": -4.0307072684,
    "600.0": -3.9290130206,
    "700.0": -3.8286764927,
    "800.0": -3.7298531486,
    "900.0": -3.6326673597,
    "1000.0": -3.5371709473,
    "1044.0": -3.4924076517,
    "1100.0": -3.4106024441,
    "1200.0": -3.2669847117,
    "1300.0": -3.1263104328,
    "1400.0": -2.9883308649,
    "1500.0": -2.8528594511,
    "1600.0": -2.7197303631,
    "1700.0": -2.5887777724,
    "1750.0": -2.5240839796
  },
  "K2CO3": {
    "300.0": -11.0275658572,
    "400.0": -10.72111503,
    "500.0": -10.4115134637,
    "600.0": -10.1054564789,
    "700.0": -9.8037110316,
    "800.0": -9.5067953357,
    "900.0": -9.2150617762,
    "1000.0": -8.9287798245,
    "1100.0": -8.5530956529,
    "1174.0": -8.2331712706,
    "1200.0": -8.1281189984,
    "1300.0": -7.7289390197,
    "1400.0": -7.3369622108,
    "1500.0": -6.9516392653,
    "1600.0": -6.5724726979,
    "1700.0": -6.1990272093,
    "1800.0": -5.8309400499,
    "1900.0": -5.467879563,
    "2000.0": -5.1095555489
  },
  "LiCl": {
    "300.0": -3.9784713319,
    "400.0": -3.8951943975,
    "500.0": -3.8102177223,
    "600.0": -3.7226810716,
    "700.0": -3.6364814122,
    "800.0": -3.5517949366,
    "883.0": -3.4827170564,
    "900.0": -3.4726740757,
    "1000.0": -3.414696332,
    "1100.0": -3.3584079647,
    "1200.0": -3.30358096,
    "1300.0": -3.2499873038,
    "1400.0": -3.1974715319,
    "1500.0": -3.1458885447,
    "1600.0": -3.0951139707,
    "1700.0": -2.9712401786
  },
  "Li2CO3": {
    "300.0": -11.7282425406,
    "400.0": -11.4359285819,
    "500.0": -11.1371784096,
    "600.0": -10.83268643,
    "623.0": -10.7631732502,
    "683.0": -10.5828867195,
    "700.0": -10.5324748951,
    "800.0": -10.2375491396,
    "900.0": -9.9465514436,
    "993.0": -9.6807285669,
    "1000.0": -9.6642079156,
    "1100.0": -9.4310324993,
    "1200.0": -9.202831934,
    "1300.0": -8.9790983704,
    "1400.0": -8.7594276019,
    "1500.0": -8.5434879717,
    "1600.0": -8.3309996445,
    "1700.0": -7.9741162643,
    "1800.0": -7.5825229335,
    "1900.0": -7.1946089197,
    "2000.0": -6.8101254803
  },
  "Li2O": {
    "298.15": -5.8257993705,
    "300.0": -5.8234466805,
    "400.0": -5.6948364155,
    "500.0": -5.5581109247,
    "600.0": -5.4127623586,
    "700.0": -5.26716505,
    "800.0": -5.1219408552,
    "900.0": -4.9774628881,
    "1000.0": -4.833969527,
    "1100.0": -4.6916266001,
    "1200.0": -4.5505584789,
    "1300.0": -4.4108273488,
    "1400.0": -4.2725057599,
    "1500.0": -4.135624805,
    "1600.0": -4.0001741198,
    "1700.0": -3.7185664552,
    "1800.0": -3.400694199,
    "1843.0": -3.2647045716,
    "1900.0": -3.103851053,
    "2000.0": -2.8233420013,
    "2100.0": -2.54489544,
    "2200.0": -2.2684180906,
    "2300.0": -1.9938063104,
    "2400.0": -1.7209668209,
    "2500.0": -1.4498374364,
    "2600.0": -1.1803248785,
    "2700.0": -0.9123669616,
    "2800.0": -0.6459118643,
    "2900.0": -0.3808870367
  },
  "NaCl": {
    "300.0": -3.9783884177,
    "400.0": -3.8828298197,
    "500.0": -3.783073691,
    "600.0": -3.6844265396,
    "700.0": -3.5870334652,
    "800.0": -3.4910602962,
    "900.0": -3.3966003111,
    "1000.0": -3.3037986097,
    "1074.0": -3.2363168275,
    "1100.0": -3.2198687261,
    "1200.0": -3.1326637322,
    "1300.0": -2.9872115234,
    "1400.0": -2.8440083619,
    "1500.0": -2.7028469622,
    "1600.0": -2.5635614959,
    "1700.0": -2.426037956,
    "1800.0": -2.2901623356,
    "1900.0": -2.1558517204,
    "2000.0": -2.023012832
  },
  "Na2CO3": {
    "300.0": -10.8564931653,
    "400.0": -10.5649565271,
    "500.0": -10.2646102567,
    "600.0": -9.9683786028,
    "700.0": -9.6787904479,
    "723.0": -9.6133815203,
    "800.0": -9.3967785766,
    "900.0": -9.1184045653,
    "1000.0": -8.8441762631,
    "1100.0": -8.5748606264,
    "1123.0": -8.513669958,
    "1200.0": -8.2812822264,
    "1300.0": -7.8786820376,
    "1400.0": -7.4817303776,
    "1500.0": -7.0899815827,
    "1600.0": -6.7030314462,
    "1700.0": -6.3205379472,
    "1800.0": -5.942210886,
    "1900.0": -5.5677911558,
    "2000.0": -5.1970403782
  },
  "Na2O": {
    "298.15": -3.9289922921,
    "300.0": -3.9264945023,
    "400.0": -3.7867737365,
    "500.0": -3.6364503194,
    "600.0": -3.4870493225,
    "700.0": -3.4429078834,
    "800.0": -3.193450194,
    "900.0": -3.0497184545,
    "1000.0": -2.9081113911,
    "1023.35": -2.8753499238,
    "1100.0": -2.7699245377,
    "1200.0": -2.5834919931,
    "1243.35": -2.4510262185,
    "1300.0": -2.2844723497,
    "1400.0": -1.9929046186,
    "1405.35": -1.9773893018,
    "1500.0": -1.737746579,
    "1600.0": -1.4875633905,
    "1700.0": -1.2402718342,
    "1800.0": -0.9956853531,
    "1900.0": -0.7536692118,
    "2000.0": -0.5140575818,
    "2100.0": -0.2767468205,
    "2200.0": -0.041591828,
    "2223.0": 0.0121883852
  }
}